,id,content,name,pageTransition,functions,conditions,hint.locations,hint.direction,Latitude,Longitude
0,893861b0-fa80-483e-ed94-e405e91ee0b6,"<p>Turn on cellular data<br/>View in horizontal mode (phone sideways)<br/>Used headphones for optimal 360-degree audio<br/>Approach red markers, when they turn green, unlock scene.<br/>If 2 or more markers appear, walk to the option that sounds most interesting.</p><br/><p>TROUBLE SHOOTING:<br/>If GPS is sluggish, refresh<br/>If marker wonâ€™t turn green, select 'advanced' and click 'demo mode'.<br/></p><br/><p>Secret Scenes: each story-path contains at least one secret scene. These can only be revealed by exploring other paths and making different choices. Happy hunting!</p><p>To get started, click on the markers to find the path you want to follow.</p><img src='http://nht.ecs.soton.ac.uk/misc/sh-donotdelete.png'/>",INSTRUCTIONS,next,"['page-read-893861b0-fa80-483e-ed94-e405e91ee0b6', 'chapter-chain-function-94d1e0f3-30de-4e6d-e5c4-98e98724170c', 'chapter-chain-function-f26bde04-5aa3-4706-835f-785f7a431699', 'adv-94cc8c22-97e8-42b5-43a6-7430c9dc9c04', 'adv-563f0928-f63b-406c-04cd-1e39a39154df', 'adv-5623df20-d2f7-4e54-e47b-49005da9bd0e', 'adv-84a41f89-b5e0-4bb6-c432-d028b3bedc14']",['page-not-read-893861b0-fa80-483e-ed94-e405e91ee0b6'],,,,
1,5a428f8b-173c-4d48-ce72-b1d137234d5d,"<a style=""background-color: #80ac7b; color: #f7f7f7; padding: 4px; border-radius: 4px;font-size: 40px;"" href=""https://cemp.ac.uk/projects/Shelleys_heart/byron/1/index.html"" target=""_blank"">Start Scene</a>",1. Byron Start,next,"['page-read-5a428f8b-173c-4d48-ce72-b1d137234d5d', 'chapter-chain-function-f9ebf718-87aa-4e4f-6df8-81321fbf16f5', 'adv-194542c5-8656-40ac-78d5-2b82c47fcfbb']","['page-chapters-5a428f8b-173c-4d48-ce72-b1d137234d5d', 'adv-c167cfaa-e178-4f09-c483-7db3c37eed42']",adv-38232755-ed9f-4ed7-8f72-5b9fc8d1febc,enter,50.7203374,-1.8759896
2,c832574d-38c0-44dc-12c2-9bf1a14c8465,"<a style=""background-color: #80ac7b; color: #f7f7f7; padding: 4px; border-radius: 4px;font-size: 40px;"" href=""https://cemp.ac.uk/projects/Shelleys_heart/byron/2/index.html"" target=""_blank"">Start Scene</a>",2. Imagine Claire,next,"['page-read-c832574d-38c0-44dc-12c2-9bf1a14c8465', 'chapter-chain-function-49855b8b-5d8f-4597-57fe-140ffb76fa49']","['page-chapters-c832574d-38c0-44dc-12c2-9bf1a14c8465', 'page-unlocked-c832574d-38c0-44dc-12c2-9bf1a14c8465', 'adv-ed1b177a-05fd-4cfb-149a-50d3a483c77e', 'adv-123e9580-a40a-4747-20d1-fcd97df55305']",adv-6aba831c-72da-4381-5fc5-4aacd86d8e84,edge of grass,50.720304,-1.8758203
3,9d01ba5c-9124-40c7-3e0a-bd7206a2304b,"<a style=""background-color: #80ac7b; color: #f7f7f7; padding: 4px; border-radius: 4px;font-size: 40px;"" href=""https://cemp.ac.uk/projects/Shelleys_heart/byron/3a/index.html"" target=""_blank"">Start Scene</a>",3A. Taunt John,next,"['page-read-9d01ba5c-9124-40c7-3e0a-bd7206a2304b', 'chapter-chain-function-dca1bd6f-1fb0-4889-5ded-6d84b63c6148']","['page-chapters-9d01ba5c-9124-40c7-3e0a-bd7206a2304b', 'page-unlocked-9d01ba5c-9124-40c7-3e0a-bd7206a2304b', 'adv-ed1b177a-05fd-4cfb-149a-50d3a483c77e', 'adv-7c230e24-626f-456e-6ec1-697dbf1bbf8e', 'adv-bab09656-bdb2-47b7-9763-f0ad3e33b5e5', 'adv-3aade87b-ab8c-45bd-cf4d-6b0219918f84']",adv-53770913-7fe6-42dc-ebf0-79a33f7188f5,end of row,50.7202206,-1.8756434
4,568166e1-820d-4675-2f76-4b6119c221b7,"<a style=""background-color: #80ac7b; color: #f7f7f7; padding: 4px; border-radius: 4px;font-size: 40px;"" href=""https://cemp.ac.uk/projects/Shelleys_heart/byron/3b/index.html"" target=""_blank"">Start Scene</a>",3B. Tease Mary,next,"['page-read-568166e1-820d-4675-2f76-4b6119c221b7', 'chapter-chain-function-dca1bd6f-1fb0-4889-5ded-6d84b63c6148']","['page-chapters-568166e1-820d-4675-2f76-4b6119c221b7', 'page-unlocked-568166e1-820d-4675-2f76-4b6119c221b7', 'adv-ed1b177a-05fd-4cfb-149a-50d3a483c77e', 'adv-ff837a96-f231-4667-e84e-1e3c9d4297bf', 'adv-bab09656-bdb2-47b7-9763-f0ad3e33b5e5', 'adv-d8643045-cded-43e5-063c-d6ed5ea2e43b']",adv-080f5309-bda1-435b-c5d9-d76081a795e5,find side entrance to church,50.7203175,-1.8756174
5,0860a008-696c-42cf-88d4-292be7bce37d,"<a style=""background-color: #80ac7b; color: #f7f7f7; padding: 4px; border-radius: 4px;font-size: 40px;"" href=""https://cemp.ac.uk/projects/Shelleys_heart/byron/3c/index.html"" target=""_blank"">Start Scene</a>",3C. Ignore Percy,next,"['page-read-0860a008-696c-42cf-88d4-292be7bce37d', 'chapter-chain-function-dca1bd6f-1fb0-4889-5ded-6d84b63c6148']","['page-chapters-0860a008-696c-42cf-88d4-292be7bce37d', 'page-unlocked-0860a008-696c-42cf-88d4-292be7bce37d', 'adv-ed1b177a-05fd-4cfb-149a-50d3a483c77e', 'adv-ff837a96-f231-4667-e84e-1e3c9d4297bf', 'adv-7c230e24-626f-456e-6ec1-697dbf1bbf8e', 'adv-64da335c-f3a7-4b18-7bbf-74f92ccb24c3']",adv-fb85d653-2036-44bc-1f27-38de41af74e7,up path,50.7204558,-1.8744686
6,a84f3bab-38e9-42cb-d67a-54f950065326,"<a style=""background-color: #80ac7b; color: #f7f7f7; padding: 4px; border-radius: 4px;font-size: 40px;"" href=""https://cemp.ac.uk/projects/Shelleys_heart/byron/4/index.html"" target=""_blank"">Start Scene</a>",4. Ambush,next,"['page-read-a84f3bab-38e9-42cb-d67a-54f950065326', 'chapter-chain-function-68d4535d-3636-4c13-93a8-5b722ea49139']","['page-chapters-a84f3bab-38e9-42cb-d67a-54f950065326', 'page-unlocked-a84f3bab-38e9-42cb-d67a-54f950065326', 'adv-ed1b177a-05fd-4cfb-149a-50d3a483c77e', 'adv-a13043d1-ade7-43bb-ebb6-d002a6f926a7']",adv-c1513844-f984-4b5f-e361-5ea05f96b1de,far up path,50.7205774,-1.874086
7,e13955c6-c601-44ca-55ae-9eac812c56fb,"<a style=""background-color: #80ac7b; color: #f7f7f7; padding: 4px; border-radius: 4px;font-size: 40px;"" href=""https://cemp.ac.uk/projects/Shelleys_heart/byron/4a/index.html"" target=""_blank"">Start Scene</a>",4A. Clash,next,"['page-read-e13955c6-c601-44ca-55ae-9eac812c56fb', 'chapter-chain-function-93097b15-4692-4c09-9fe8-49822ff9d20d', 'adv-502304e4-d927-4025-6fc1-9f96ba91479e']","['page-chapters-e13955c6-c601-44ca-55ae-9eac812c56fb', 'page-unlocked-e13955c6-c601-44ca-55ae-9eac812c56fb', 'adv-ed1b177a-05fd-4cfb-149a-50d3a483c77e', 'adv-a13043d1-ade7-43bb-ebb6-d002a6f926a7']",adv-c1513844-f984-4b5f-e361-5ea05f96b1de,stay put,50.7205774,-1.874086
8,569bcc95-7a7f-403c-4d66-8dbc01c61863,"<a style=""background-color: #80ac7b; color: #f7f7f7; padding: 4px; border-radius: 4px;font-size: 40px;"" href=""https://cemp.ac.uk/projects/Shelleys_heart/byron/4b/index.html"" target=""_blank"">Start Scene</a>",4B. Connect,next,"['page-read-569bcc95-7a7f-403c-4d66-8dbc01c61863', 'chapter-chain-function-93097b15-4692-4c09-9fe8-49822ff9d20d', 'adv-11f55794-77d1-47fb-4e49-e95fa003b41a']","['page-chapters-569bcc95-7a7f-403c-4d66-8dbc01c61863', 'page-unlocked-569bcc95-7a7f-403c-4d66-8dbc01c61863', 'adv-ed1b177a-05fd-4cfb-149a-50d3a483c77e', 'adv-a13043d1-ade7-43bb-ebb6-d002a6f926a7']",adv-c1513844-f984-4b5f-e361-5ea05f96b1de,stay put,50.7205774,-1.874086
9,42edb729-d668-488a-e57f-ce3dd3e6c40d,"<a style=""background-color: #80ac7b; color: #f7f7f7; padding: 4px; border-radius: 4px;font-size: 40px;"" href=""https://cemp.ac.uk/projects/Shelleys_heart/byron/5/index.html"" target=""_blank"">Start Scene</a>",5. Avoid,next,"['page-read-42edb729-d668-488a-e57f-ce3dd3e6c40d', 'chapter-chain-function-997d6183-000a-480e-6907-977645bbee22']","['page-chapters-42edb729-d668-488a-e57f-ce3dd3e6c40d', 'page-unlocked-42edb729-d668-488a-e57f-ce3dd3e6c40d', 'adv-ed1b177a-05fd-4cfb-149a-50d3a483c77e', 'adv-2d7df1af-18f6-40ca-7867-67fde1914d5f']",adv-124d1d60-c06b-4828-0478-39e680915a99,end of path,50.7203205,-1.8733245
10,46dd5ea2-3f41-4172-407e-89b5939d1bd9,"<a style=""background-color: #80ac7b; color: #f7f7f7; padding: 4px; border-radius: 4px;font-size: 40px;"" href=""https://cemp.ac.uk/projects/Shelleys_heart/byron/6/index.html"" target=""_blank"">Start Scene</a>",6. Face Claire,next,"['page-read-46dd5ea2-3f41-4172-407e-89b5939d1bd9', 'chapter-chain-function-b430adf5-9b33-4d43-db33-2dcbe5053dbd']","['page-chapters-46dd5ea2-3f41-4172-407e-89b5939d1bd9', 'page-unlocked-46dd5ea2-3f41-4172-407e-89b5939d1bd9', 'adv-ed1b177a-05fd-4cfb-149a-50d3a483c77e', 'adv-48371b37-b920-4fb6-c2e6-650bc51a8511']",adv-2a83b482-a4c8-4afc-afe3-2117e7416163,back down path,50.720543,-1.8734733
11,f8e37abb-bb62-410d-0e29-42403f111f43,"<a style=""background-color: #80ac7b; color: #f7f7f7; padding: 4px; border-radius: 4px;font-size: 40px;"" href=""https://cemp.ac.uk/projects/Shelleys_heart/byron/6a/index.html"" target=""_blank"">Start Scene</a>",6A. Scare,next,"['page-read-f8e37abb-bb62-410d-0e29-42403f111f43', 'chapter-chain-function-a6686bb9-78cc-4a32-2549-3a9cd0929359']","['page-chapters-f8e37abb-bb62-410d-0e29-42403f111f43', 'page-unlocked-f8e37abb-bb62-410d-0e29-42403f111f43', 'adv-ed1b177a-05fd-4cfb-149a-50d3a483c77e', 'adv-48371b37-b920-4fb6-c2e6-650bc51a8511']",adv-2a83b482-a4c8-4afc-afe3-2117e7416163,stay put,50.720543,-1.8734733
12,5ec9f575-6477-48c1-4ab9-a91ffc26421d,"<a style=""background-color: #80ac7b; color: #f7f7f7; padding: 4px; border-radius: 4px;font-size: 40px;"" href=""https://cemp.ac.uk/projects/Shelleys_heart/byron/6b/index.html"" target=""_blank"">Start Scene</a>",6B. Dare,next,"['page-read-5ec9f575-6477-48c1-4ab9-a91ffc26421d', 'chapter-chain-function-a6686bb9-78cc-4a32-2549-3a9cd0929359']","['page-chapters-5ec9f575-6477-48c1-4ab9-a91ffc26421d', 'page-unlocked-5ec9f575-6477-48c1-4ab9-a91ffc26421d', 'adv-ed1b177a-05fd-4cfb-149a-50d3a483c77e', 'adv-48371b37-b920-4fb6-c2e6-650bc51a8511']",adv-2a83b482-a4c8-4afc-afe3-2117e7416163,stay put,50.720543,-1.8734733
13,33a34db8-7181-4aaa-a417-93ac800d82ea,"<a style=""background-color: #80ac7b; color: #f7f7f7; padding: 4px; border-radius: 4px;font-size: 40px;"" href=""https://cemp.ac.uk/projects/Shelleys_heart/byron/7/index.html"" target=""_blank"">Start Scene</a>",7. Seduce,next,"['page-read-33a34db8-7181-4aaa-a417-93ac800d82ea', 'chapter-chain-function-a95331f6-412b-4365-814a-f7900cbc7b7c']","['page-chapters-33a34db8-7181-4aaa-a417-93ac800d82ea', 'page-unlocked-33a34db8-7181-4aaa-a417-93ac800d82ea', 'adv-ed1b177a-05fd-4cfb-149a-50d3a483c77e', 'adv-206d44d6-2e5f-4849-4672-9e487a05544a']",adv-5e76c506-15ed-4b82-8f7a-5cf48c370c25,further down,50.720531,-1.8741479
14,0a32badf-87e1-4e39-fa40-b6335fb9e4a2,"<a style=""background-color: #80ac7b; color: #f7f7f7; padding: 4px; border-radius: 4px;font-size: 40px;"" href=""https://cemp.ac.uk/projects/Shelleys_heart/byron/8/index.html"" target=""_blank"">Start Scene</a>",8. Spin,next,"['page-read-0a32badf-87e1-4e39-fa40-b6335fb9e4a2', 'chapter-chain-function-49990ce2-70a7-4be4-d910-6ebf41a53577']","['page-chapters-0a32badf-87e1-4e39-fa40-b6335fb9e4a2', 'page-unlocked-0a32badf-87e1-4e39-fa40-b6335fb9e4a2', 'adv-ed1b177a-05fd-4cfb-149a-50d3a483c77e', 'adv-e29495cc-9012-4000-af6b-90b97ca71cd9']",adv-cc767047-3259-4090-5739-c84d692b6203,further down,50.720533,-1.87429
15,e364276c-3b10-4187-32d2-3bc19b48f188,"<a style=""background-color: #80ac7b; color: #f7f7f7; padding: 4px; border-radius: 4px;font-size: 40px;"" href=""https://cemp.ac.uk/projects/Shelleys_heart/byron/9a/index.html"" target=""_blank"">Start Scene</a>",9A. Fight,next,"['page-read-e364276c-3b10-4187-32d2-3bc19b48f188', 'chapter-chain-function-7c8114bb-0a3e-4f5c-7c9f-bb1a2bf3338f']","['page-chapters-e364276c-3b10-4187-32d2-3bc19b48f188', 'page-unlocked-e364276c-3b10-4187-32d2-3bc19b48f188', 'adv-ed1b177a-05fd-4cfb-149a-50d3a483c77e', 'adv-a82dce3d-82a4-4d27-53dd-a6fab7623360']",adv-1d953ba7-19c7-4643-b0e3-8c2ae7fe0d8f,further down,50.720405,-1.8747268
16,7608e3ab-cb6d-4564-68ef-b707b833b441,"<a style=""background-color: #80ac7b; color: #f7f7f7; padding: 4px; border-radius: 4px;font-size: 40px;"" href=""https://cemp.ac.uk/projects/Shelleys_heart/byron/9b/index.html"" target=""_blank"">Start Scene</a>",9B. Flee,next,"['page-read-7608e3ab-cb6d-4564-68ef-b707b833b441', 'chapter-chain-function-7c8114bb-0a3e-4f5c-7c9f-bb1a2bf3338f']","['page-chapters-7608e3ab-cb6d-4564-68ef-b707b833b441', 'page-unlocked-7608e3ab-cb6d-4564-68ef-b707b833b441', 'adv-ed1b177a-05fd-4cfb-149a-50d3a483c77e', 'adv-7c74710b-965e-460b-e2f1-071f55116342']",adv-39fe1764-e517-4c83-819e-0285cd12d5d6,turn north and face downhill,50.7204919,-1.8745964
17,16b83f63-1263-4069-643a-01f7029b1f49,"<a style=""background-color: #80ac7b; color: #f7f7f7; padding: 4px; border-radius: 4px;font-size: 40px;"" href=""https://cemp.ac.uk/projects/Shelleys_heart/byron/10a/index.html"" target=""_blank"">Start Scene</a>",10A. Self Destruct,next,"['page-read-16b83f63-1263-4069-643a-01f7029b1f49', 'chapter-chain-function-031e66b6-f741-4513-adb2-eeb332e20949']","['page-chapters-16b83f63-1263-4069-643a-01f7029b1f49', 'page-unlocked-16b83f63-1263-4069-643a-01f7029b1f49', 'adv-ed1b177a-05fd-4cfb-149a-50d3a483c77e', 'adv-e93c2c65-3233-4446-cb8b-fd816800bend']",adv-8795bc40-3b72-4618-151d-832bend115e3,bottom of side path,50.72087,-1.874803
18,c05eacac-cf06-4eb2-dd60-323e08aaf064,"<a style=""background-color: #80ac7b; color: #f7f7f7; padding: 4px; border-radius: 4px;font-size: 40px;"" href=""https://cemp.ac.uk/projects/Shelleys_heart/byron/10b/index.html"" target=""_blank"">Start Scene</a>",10B. Stage Dive,next,"['page-read-c05eacac-cf06-4eb2-dd60-323e08aaf064', 'chapter-chain-function-031e66b6-f741-4513-adb2-eeb332e20949']","['page-chapters-c05eacac-cf06-4eb2-dd60-323e08aaf064', 'page-unlocked-c05eacac-cf06-4eb2-dd60-323e08aaf064', 'adv-ed1b177a-05fd-4cfb-149a-50d3a483c77e', 'adv-e93c2c65-3233-4446-cb8b-fd816800path']",adv-8795bc40-3b72-4618-151d-832path115e3,level off and turn right,50.720983,-1.874483
19,8bf230cc-42fa-4cd2-3eb9-d16480cd7094,"<a style=""background-color: #80ac7b; color: #f7f7f7; padding: 4px; border-radius: 4px;font-size: 40px;"" href=""https://cemp.ac.uk/projects/Shelleys_heart/percy/1/index.html"" target=""_blank"">Start Scene</a>",1. Percy Start,next,"['page-read-8bf230cc-42fa-4cd2-3eb9-d16480cd7094', 'chapter-chain-function-961c2ba3-14c8-406f-a837-9cc39e40d64d', 'adv-3bd5aa87-1850-4173-806a-341e70d8c80f']","['page-chapters-8bf230cc-42fa-4cd2-3eb9-d16480cd7094', 'page-unlocked-8bf230cc-42fa-4cd2-3eb9-d16480cd7094', 'adv-c56e4823-657e-4f54-7c28-6b46d832654a']",adv-f1743e43-2202-4ef6-7b81-20d03f7a4dd2,across from north side of church,50.7206488,-1.8757786
20,7c67cd54-26b2-4cad-1e91-80e342964c11,"<a style=""background-color: #80ac7b; color: #f7f7f7; padding: 4px; border-radius: 4px;font-size: 40px;"" href=""https://cemp.ac.uk/projects/Shelleys_heart/percy/2a/index.html"" target=""_blank"">Start Scene</a>",2A. Seek heart,next,"['page-read-7c67cd54-26b2-4cad-1e91-80e342964c11', 'chapter-chain-function-49855b8b-5d8f-4597-57fe-140ffb76fa49', 'adv-3375fe4e-db1d-4d71-e5f2-8ecf50993aea']","['page-chapters-7c67cd54-26b2-4cad-1e91-80e342964c11', 'page-unlocked-7c67cd54-26b2-4cad-1e91-80e342964c11', 'adv-bed1c996-e8d0-48d9-ccb1-c8293f4f7331', 'adv-7afa6f73-158b-4798-f7fc-5a3cf0e7b9b9']",adv-0e2b0129-4475-4085-94fd-625a3bfc7f70,face church,50.7205638,-1.8757946
21,2091fc6e-94bb-4940-65b1-4f197ffec78c,"<a style=""background-color: #80ac7b; color: #f7f7f7; padding: 4px; border-radius: 4px;font-size: 40px;"" href=""https://cemp.ac.uk/projects/Shelleys_heart/percy/2b/index.html"" target=""_blank"">Start Scene</a>",2B. Chase girl,next,"['page-read-2091fc6e-94bb-4940-65b1-4f197ffec78c', 'chapter-chain-function-49855b8b-5d8f-4597-57fe-140ffb76fa49', 'adv-d1620008-4a0c-4da8-961d-f5607553f486']","['page-chapters-2091fc6e-94bb-4940-65b1-4f197ffec78c', 'page-unlocked-2091fc6e-94bb-4940-65b1-4f197ffec78c', 'adv-bed1c996-e8d0-48d9-ccb1-c8293f4f7331', 'adv-7d02f06d-8456-45bd-f6b3-93cee1e70dd0']",adv-8ecc392b-a0ad-413e-d632-902a830c86af,move toward front,50.7204506,-1.8759622
22,f771ecd2-0870-4d2e-624c-ffc491230f78,"<a style=""background-color: #80ac7b; color: #f7f7f7; padding: 4px; border-radius: 4px;font-size: 40px;"" href=""https://cemp.ac.uk/projects/Shelleys_heart/percy/3a/index.html"" target=""_blank"">Start Scene</a>",3A. Talk to John,next,"['page-read-f771ecd2-0870-4d2e-624c-ffc491230f78', 'chapter-chain-function-dca1bd6f-1fb0-4889-5ded-6d84b63c6148']","['page-chapters-f771ecd2-0870-4d2e-624c-ffc491230f78', 'page-unlocked-f771ecd2-0870-4d2e-624c-ffc491230f78', 'adv-bed1c996-e8d0-48d9-ccb1-c8293f4f7331', 'adv-d8643045-cded-43e5-063c-d6ed5ea2e43b']",adv-080f5309-bda1-435b-c5d9-d76081a795e5,find side entrance to church,50.7203175,-1.8756174
23,967019ef-a441-4a99-2268-795d189d258b,"<a style=""background-color: #80ac7b; color: #f7f7f7; padding: 4px; border-radius: 4px;font-size: 40px;"" href=""https://cemp.ac.uk/projects/Shelleys_heart/percy/3b/index.html"" target=""_blank"">Start Scene</a>",3B. Talk to Byron,next,"['page-read-967019ef-a441-4a99-2268-795d189d258b', 'chapter-chain-function-dca1bd6f-1fb0-4889-5ded-6d84b63c6148']","['page-chapters-967019ef-a441-4a99-2268-795d189d258b', 'page-unlocked-967019ef-a441-4a99-2268-795d189d258b', 'adv-bed1c996-e8d0-48d9-ccb1-c8293f4f7331', 'adv-64da335c-f3a7-4b18-7bbf-74f92ccb24c3']",adv-fb85d653-2036-44bc-1f27-38de41af74e7,up path,50.7204558,-1.8744686
24,fd08500f-0415-4e42-c390-07072d9e2981,"<a style=""background-color: #80ac7b; color: #f7f7f7; padding: 4px; border-radius: 4px;font-size: 40px;"" href=""https://cemp.ac.uk/projects/Shelleys_heart/percy/4/index.html"" target=""_blank"">Start Scene</a>",4. Talk to Harriet,next,"['page-read-fd08500f-0415-4e42-c390-07072d9e2981', 'chapter-chain-function-93097b15-4692-4c09-9fe8-49822ff9d20d']","['page-chapters-fd08500f-0415-4e42-c390-07072d9e2981', 'page-unlocked-fd08500f-0415-4e42-c390-07072d9e2981', 'adv-bed1c996-e8d0-48d9-ccb1-c8293f4f7331', 'adv-a82dce3d-82a4-4d27-53dd-a6fab7623360']",adv-1d953ba7-19c7-4643-b0e3-8c2ae7fe0d8f,where path flattens,50.720405,-1.8747268
25,15bbe172-c658-4498-e4a3-3b2c74a2e297,"<a style=""background-color: #80ac7b; color: #f7f7f7; padding: 4px; border-radius: 4px;font-size: 40px;"" href=""https://cemp.ac.uk/projects/Shelleys_heart/percy/5/index.html"" target=""_blank"">Start Scene</a>",5. Find Heart,next,"['page-read-15bbe172-c658-4498-e4a3-3b2c74a2e297', 'chapter-chain-function-fac946df-39fd-427c-f8bb-fa8657ffedc5']","['page-chapters-15bbe172-c658-4498-e4a3-3b2c74a2e297', 'page-unlocked-15bbe172-c658-4498-e4a3-3b2c74a2e297', 'adv-bed1c996-e8d0-48d9-ccb1-c8293f4f7331', 'adv-7754e572-3bb8-49a6-98d5-2c4d59f06a3b']",adv-5cb6daa9-c2ea-4bd7-35d0-dccf16b10b88,further down,50.720327,-1.8750706
26,3339055b-87bd-4f52-acce-5f195750a823,"<a style=""background-color: #80ac7b; color: #f7f7f7; padding: 4px; border-radius: 4px;font-size: 40px;"" href=""https://cemp.ac.uk/projects/Shelleys_heart/percy/5a/index.html"" target=""_blank"">Start Scene</a>",5A. Channel Mary,next,"['page-read-3339055b-87bd-4f52-acce-5f195750a823', 'chapter-chain-function-b430adf5-9b33-4d43-db33-2dcbe5053dbd']","['page-chapters-3339055b-87bd-4f52-acce-5f195750a823', 'page-unlocked-3339055b-87bd-4f52-acce-5f195750a823', 'adv-bed1c996-e8d0-48d9-ccb1-c8293f4f7331', 'adv-be17a200-592a-4783-9046-33af94a8bd01', 'adv-7754e572-3bb8-49a6-98d5-2c4d59f06a3b']",adv-5cb6daa9-c2ea-4bd7-35d0-dccf16b10b88,stay put,50.720327,-1.8750706
27,b1503e5c-b3a2-46c9-9cc8-b88ac3d7ef84,"<a style=""background-color: #80ac7b; color: #f7f7f7; padding: 4px; border-radius: 4px;font-size: 40px;"" href=""https://cemp.ac.uk/projects/Shelleys_heart/percy/5b/index.html"" target=""_blank"">Start Scene</a>",5B. Channel William,next,"['page-read-b1503e5c-b3a2-46c9-9cc8-b88ac3d7ef84', 'chapter-chain-function-b430adf5-9b33-4d43-db33-2dcbe5053dbd']","['page-chapters-b1503e5c-b3a2-46c9-9cc8-b88ac3d7ef84', 'page-unlocked-b1503e5c-b3a2-46c9-9cc8-b88ac3d7ef84', 'adv-bed1c996-e8d0-48d9-ccb1-c8293f4f7331', 'adv-00ac6e12-de97-4daf-f3a4-39cdc81bbe0a', 'adv-7754e572-3bb8-49a6-98d5-2c4d59f06a3b']",adv-5cb6daa9-c2ea-4bd7-35d0-dccf16b10b88,stay put,50.720327,-1.8750706
28,6db8da1c-b983-4a7a-730a-9e241cdbc6f7,"<a style=""background-color: #80ac7b; color: #f7f7f7; padding: 4px; border-radius: 4px;font-size: 40px;"" href=""https://cemp.ac.uk/projects/Shelleys_heart/percy/6a/index.html"" target=""_blank"">Start Scene</a>",6A. Sink,next,"['page-read-6db8da1c-b983-4a7a-730a-9e241cdbc6f7', 'chapter-chain-function-a6686bb9-78cc-4a32-2549-3a9cd0929359']","['page-chapters-6db8da1c-b983-4a7a-730a-9e241cdbc6f7', 'page-unlocked-6db8da1c-b983-4a7a-730a-9e241cdbc6f7', 'adv-bed1c996-e8d0-48d9-ccb1-c8293f4f7331', 'adv-86ca8c18-7550-4ed5-adae-f78b9c9d17e7']",adv-6695b298-b324-4549-5338-98c4efe5a397,move back,50.7203105,-1.8748195
29,f34c7ef4-a985-4827-a90a-20a567a086e9,"<a style=""background-color: #80ac7b; color: #f7f7f7; padding: 4px; border-radius: 4px;font-size: 40px;"" href=""https://cemp.ac.uk/projects/Shelleys_heart/percy/6b/index.html"" target=""_blank"">Start Scene</a>",6B. Swim,next,"['page-read-f34c7ef4-a985-4827-a90a-20a567a086e9', 'chapter-chain-function-a6686bb9-78cc-4a32-2549-3a9cd0929359']","['page-chapters-f34c7ef4-a985-4827-a90a-20a567a086e9', 'page-unlocked-f34c7ef4-a985-4827-a90a-20a567a086e9', 'adv-bed1c996-e8d0-48d9-ccb1-c8293f4f7331', 'adv-3d8e8a0d-0028-4b5b-2226-f6389b1150d8']",adv-6841e43a-7f0d-41c5-70ce-8bcbfdcdd947,move left,50.7203123,-1.8750007
30,5d537fd6-8c93-4e89-3b78-7f96aeba602a,"<a style=""background-color: #80ac7b; color: #f7f7f7; padding: 4px; border-radius: 4px;font-size: 40px;"" href=""https://cemp.ac.uk/projects/Shelleys_heart/percy/7/index.html"" target=""_blank"">Start Scene</a>",7. Lose Heart,next,"['page-read-5d537fd6-8c93-4e89-3b78-7f96aeba602a', 'chapter-chain-function-a95331f6-412b-4365-814a-f7900cbc7b7c']","['page-chapters-5d537fd6-8c93-4e89-3b78-7f96aeba602a', 'page-unlocked-5d537fd6-8c93-4e89-3b78-7f96aeba602a', 'adv-bed1c996-e8d0-48d9-ccb1-c8293f4f7331', 'adv-b223ab5e-bc9b-47af-841e-81c2874cefc3']",adv-61254de5-d35a-4e9e-3988-4024a1bd2576,back down path,50.7200404,-1.8754931
31,383154c5-58f4-42ac-7c84-951d5133af4e,"<a style=""background-color: #80ac7b; color: #f7f7f7; padding: 4px; border-radius: 4px;font-size: 40px;"" href=""https://cemp.ac.uk/projects/Shelleys_heart/percy/8/index.html"" target=""_blank"">Start Scene</a>",8. Emerge,next,"['page-read-383154c5-58f4-42ac-7c84-951d5133af4e', 'chapter-chain-function-49990ce2-70a7-4be4-d910-6ebf41a53577']","['page-chapters-383154c5-58f4-42ac-7c84-951d5133af4e', 'page-unlocked-383154c5-58f4-42ac-7c84-951d5133af4e', 'adv-bed1c996-e8d0-48d9-ccb1-c8293f4f7331', 'adv-f3a723d8-7e39-4ac0-ab01-d3736ced5663']",adv-23ae5072-25e4-4c8d-c2ef-d9ec6e578afe,"front of churchyard, for south side",50.7201043,-1.8753713
32,1d1d31a6-aaf8-4e5f-2521-ac55bca0caa1,"<a style=""background-color: #80ac7b; color: #f7f7f7; padding: 4px; border-radius: 4px;font-size: 40px;"" href=""https://cemp.ac.uk/projects/Shelleys_heart/percy/9a/index.html"" target=""_blank"">Start Scene</a>",9A. Attack,next,"['page-read-1d1d31a6-aaf8-4e5f-2521-ac55bca0caa1', 'chapter-chain-function-c1a6eb3c-5906-4635-5c09-b21d3f4a5807']","['page-chapters-1d1d31a6-aaf8-4e5f-2521-ac55bca0caa1', 'page-unlocked-1d1d31a6-aaf8-4e5f-2521-ac55bca0caa1', 'adv-bed1c996-e8d0-48d9-ccb1-c8293f4f7331', 'adv-d5bede71-d3eb-447e-9869-150c0f1d14fc']",adv-405ba8e3-8e08-47fb-c4b7-c095aa3f39bd,up and in,50.720204,-1.8753037
33,1639ae3c-5930-4662-9c1c-b8d87586de76,"<a style=""background-color: #80ac7b; color: #f7f7f7; padding: 4px; border-radius: 4px;font-size: 40px;"" href=""https://cemp.ac.uk/projects/Shelleys_heart/percy/9b/index.html"" target=""_blank"">Start Scene</a>",9B. Defend,next,"['page-read-1639ae3c-5930-4662-9c1c-b8d87586de76', 'chapter-chain-function-c1a6eb3c-5906-4635-5c09-b21d3f4a5807']","['page-chapters-1639ae3c-5930-4662-9c1c-b8d87586de76', 'page-unlocked-1639ae3c-5930-4662-9c1c-b8d87586de76', 'adv-bed1c996-e8d0-48d9-ccb1-c8293f4f7331', 'adv-3e24fffd-22f7-413c-1a2e-3d9fba6afece']",adv-52761598-0959-4b0a-f9ef-86ff82104960,up,50.7200626,-1.8754617
34,5eb7c764-0aa4-4984-2b27-2515b92cb252,"<a style=""background-color: #80ac7b; color: #f7f7f7; padding: 4px; border-radius: 4px;font-size: 40px;"" href=""https://cemp.ac.uk/projects/Shelleys_heart/percy/10/index.html"" target=""_blank"">Start Scene</a>",10. Rise,next,"['page-read-5eb7c764-0aa4-4984-2b27-2515b92cb252', 'chapter-chain-function-031e66b6-f741-4513-adb2-eeb332e20949']","['page-chapters-5eb7c764-0aa4-4984-2b27-2515b92cb252', 'page-unlocked-5eb7c764-0aa4-4984-2b27-2515b92cb252', 'adv-bed1c996-e8d0-48d9-ccb1-c8293f4f7331', 'adv-ba6ce0ec-5904-4497-214c-0050a4363d6b']",adv-79f85fdb-d07c-46e3-b621-a7aef78bcaf5,higher up,50.7202914,-1.875251
35,f17e55aa-28d2-4596-3a3b-f4160fec8c37,"<a style=""background-color: #80ac7b; color: #f7f7f7; padding: 4px; border-radius: 4px;font-size: 40px;"" href=""https://cemp.ac.uk/projects/Shelleys_heart/mary/1/index.html"" target=""_blank"">Start Scene</a>",1. Mary Start,next,"['page-read-f17e55aa-28d2-4596-3a3b-f4160fec8c37', 'chapter-chain-function-961c2ba3-14c8-406f-a837-9cc39e40d64d', 'adv-3c6e08d6-01be-45fc-27f7-fe4c775319b6']","['page-chapters-f17e55aa-28d2-4596-3a3b-f4160fec8c37', 'page-unlocked-f17e55aa-28d2-4596-3a3b-f4160fec8c37', 'adv-8c9d2637-f263-4120-a31a-a498b39ddaa3']",adv-80f5d8b7-36bd-409e-9551-e9c5a85262ce,outside wall,50.7207366,-1.8756622
36,4126c2ab-8302-46d0-90ff-1f59fd063d88,"<a style=""background-color: #80ac7b; color: #f7f7f7; padding: 4px; border-radius: 4px;font-size: 40px;"" href=""https://cemp.ac.uk/projects/Shelleys_heart/mary/2a/index.html"" target=""_blank"">Start Scene</a>",2A. Conjure the dead,next,"['page-read-4126c2ab-8302-46d0-90ff-1f59fd063d88', 'chapter-chain-function-49855b8b-5d8f-4597-57fe-140ffb76fa49']","['page-chapters-4126c2ab-8302-46d0-90ff-1f59fd063d88', 'page-unlocked-4126c2ab-8302-46d0-90ff-1f59fd063d88', 'adv-4d7b4ab2-c272-4daf-2540-5094b77a6474', 'adv-c7bca243-689d-4657-77dd-ffdfe2c28d4d', 'adv-4241d86b-4386-4306-ed81-870d0f0bf3f7']",adv-84fa0bde-3947-4a50-7c14-bd1a44a9c5f1,back to road bend,50.7204592,-1.8761013
37,24936ccf-5c02-4fba-a5c8-f3d5002d7550,"<a style=""background-color: #80ac7b; color: #f7f7f7; padding: 4px; border-radius: 4px;font-size: 40px;"" href=""https://cemp.ac.uk/projects/Shelleys_heart/mary/2b/index.html"" target=""_blank"">Start Scene</a>",2B. Conjure the unborn,next,"['page-read-24936ccf-5c02-4fba-a5c8-f3d5002d7550', 'chapter-chain-function-49855b8b-5d8f-4597-57fe-140ffb76fa49']","['page-chapters-24936ccf-5c02-4fba-a5c8-f3d5002d7550', 'page-unlocked-24936ccf-5c02-4fba-a5c8-f3d5002d7550', 'adv-4d7b4ab2-c272-4daf-2540-5094b77a6474', 'adv-3c5b8ae8-d6fe-4761-2c2e-b8699c45ff8c', 'adv-b115ef25-b1b1-4672-14d6-3ef572709a22']",adv-db2c643b-c888-4e49-0115-38444e4d1326,enter and turn right,50.7203092,-1.8759349
38,d6d2258e-f794-4f66-0bc3-4a0ca556994f,"<a style=""background-color: #80ac7b; color: #f7f7f7; padding: 4px; border-radius: 4px;font-size: 40px;"" href=""https://cemp.ac.uk/projects/Shelleys_heart/mary/3a/index.html"" target=""_blank"">Start Scene</a>",3A. Spot William,next,"['page-read-d6d2258e-f794-4f66-0bc3-4a0ca556994f', 'chapter-chain-function-dca1bd6f-1fb0-4889-5ded-6d84b63c6148']","['page-chapters-d6d2258e-f794-4f66-0bc3-4a0ca556994f', 'page-unlocked-d6d2258e-f794-4f66-0bc3-4a0ca556994f', 'adv-4d7b4ab2-c272-4daf-2540-5094b77a6474', 'adv-d8643045-cded-43e5-063c-d6ed5ea2e43b']",adv-080f5309-bda1-435b-c5d9-d76081a795e5,find side entrance to church,50.7203175,-1.8756174
39,a82cf302-d62e-4e76-9ae3-0fcf78103656,"<a style=""background-color: #80ac7b; color: #f7f7f7; padding: 4px; border-radius: 4px;font-size: 40px;"" href=""https://cemp.ac.uk/projects/Shelleys_heart/mary/3b/index.html"" target=""_blank"">Start Scene</a>",3B. Chase Byron,next,"['page-read-a82cf302-d62e-4e76-9ae3-0fcf78103656', 'chapter-chain-function-dca1bd6f-1fb0-4889-5ded-6d84b63c6148']","['page-chapters-a82cf302-d62e-4e76-9ae3-0fcf78103656', 'page-unlocked-a82cf302-d62e-4e76-9ae3-0fcf78103656', 'adv-4d7b4ab2-c272-4daf-2540-5094b77a6474', 'adv-f9fe96ea-f573-469a-0f67-6353a841478f']",adv-544025bc-2a18-4a47-6a8d-db59c58b298d,head up path,50.7204287,-1.8749727
40,3a9afeb3-3bdd-4a33-cafb-7978f2e8480f,"<a style=""background-color: #80ac7b; color: #f7f7f7; padding: 4px; border-radius: 4px;font-size: 40px;"" href=""https://cemp.ac.uk/projects/Shelleys_heart/mary/4/index.html"" target=""_blank"">Start Scene</a>",4. Brace Yourself!,next,"['page-read-3a9afeb3-3bdd-4a33-cafb-7978f2e8480f', 'chapter-chain-function-93097b15-4692-4c09-9fe8-49822ff9d20d']","['page-chapters-3a9afeb3-3bdd-4a33-cafb-7978f2e8480f', 'page-unlocked-3a9afeb3-3bdd-4a33-cafb-7978f2e8480f', 'adv-4d7b4ab2-c272-4daf-2540-5094b77a6474', 'adv-a13043d1-ade7-43bb-ebb6-d002a6f926a7']",adv-c1513844-f984-4b5f-e361-5ea05f96b1de,further up,50.7205774,-1.874086
41,574ef7f0-726a-4993-7aa5-0e355ae57df6,"<a style=""background-color: #80ac7b; color: #f7f7f7; padding: 4px; border-radius: 4px;font-size: 40px;"" href=""https://cemp.ac.uk/projects/Shelleys_heart/mary/5/index.html"" target=""_blank"">Start Scene</a>",5. Come Home,next,"['page-read-574ef7f0-726a-4993-7aa5-0e355ae57df6', 'chapter-chain-function-fac946df-39fd-427c-f8bb-fa8657ffedc5']","['page-chapters-574ef7f0-726a-4993-7aa5-0e355ae57df6', 'page-unlocked-574ef7f0-726a-4993-7aa5-0e355ae57df6', 'adv-4d7b4ab2-c272-4daf-2540-5094b77a6474', 'adv-7754e572-3bb8-49a6-98d5-2c4d59f06a3b']",adv-5cb6daa9-c2ea-4bd7-35d0-dccf16b10b88,back down,50.720327,-1.8750706
42,edce1ebf-9573-4858-63bc-4d1dcf4700b8,"<a style=""background-color: #80ac7b; color: #f7f7f7; padding: 4px; border-radius: 4px;font-size: 40px;"" href=""https://cemp.ac.uk/projects/Shelleys_heart/mary/5a/index.html"" target=""_blank"">Start Scene</a>",5A. Channel Percy,next,"['page-read-edce1ebf-9573-4858-63bc-4d1dcf4700b8', 'chapter-chain-function-997d6183-000a-480e-6907-977645bbee22', 'adv-871ed3b4-6770-4e34-0d73-3041566b6815']","['page-chapters-edce1ebf-9573-4858-63bc-4d1dcf4700b8', 'page-unlocked-edce1ebf-9573-4858-63bc-4d1dcf4700b8', 'adv-4d7b4ab2-c272-4daf-2540-5094b77a6474', 'adv-7754e572-3bb8-49a6-98d5-2c4d59f06a3b']",adv-5cb6daa9-c2ea-4bd7-35d0-dccf16b10b88,stay put,50.720327,-1.8750706
43,54612c09-d3db-489e-bfa0-62df7b2827a8,"<a style=""background-color: #80ac7b; color: #f7f7f7; padding: 4px; border-radius: 4px;font-size: 40px;"" href=""https://cemp.ac.uk/projects/Shelleys_heart/mary/5b/index.html"" target=""_blank"">Start Scene</a>",5B. Channel William,next,"['page-read-54612c09-d3db-489e-bfa0-62df7b2827a8', 'chapter-chain-function-997d6183-000a-480e-6907-977645bbee22', 'adv-b4882e21-7d04-4c83-11e0-92be3a2227e7']","['page-chapters-54612c09-d3db-489e-bfa0-62df7b2827a8', 'page-unlocked-54612c09-d3db-489e-bfa0-62df7b2827a8', 'adv-4d7b4ab2-c272-4daf-2540-5094b77a6474', 'adv-7754e572-3bb8-49a6-98d5-2c4d59f06a3b']",adv-5cb6daa9-c2ea-4bd7-35d0-dccf16b10b88,stay put,50.720327,-1.8750706
44,6d77c836-c34f-44bd-43d4-2c9f02af7052,"<a style=""background-color: #80ac7b; color: #f7f7f7; padding: 4px; border-radius: 4px;font-size: 40px;"" href=""https://cemp.ac.uk/projects/Shelleys_heart/mary/6/index.html"" target=""_blank"">Start Scene</a>",6. Leap,next,"['page-read-6d77c836-c34f-44bd-43d4-2c9f02af7052', 'chapter-chain-function-b430adf5-9b33-4d43-db33-2dcbe5053dbd']","['page-chapters-6d77c836-c34f-44bd-43d4-2c9f02af7052', 'page-unlocked-6d77c836-c34f-44bd-43d4-2c9f02af7052', 'adv-4d7b4ab2-c272-4daf-2540-5094b77a6474', 'adv-e414f302-d6f9-4024-25d7-4a26db572115']",adv-fc627aaa-0290-45dd-5317-e9cb6458a963,other side,50.7204059,-1.8748728
45,15f2f71e-22b2-48f9-7e6c-768cf3f2d7fc,"<a style=""background-color: #80ac7b; color: #f7f7f7; padding: 4px; border-radius: 4px;font-size: 40px;"" href=""https://cemp.ac.uk/projects/Shelleys_heart/mary/6a/index.html"" target=""_blank"">Start Scene</a>",6A. Meet Mum,next,"['page-read-15f2f71e-22b2-48f9-7e6c-768cf3f2d7fc', 'chapter-chain-function-a6686bb9-78cc-4a32-2549-3a9cd0929359']","['page-chapters-15f2f71e-22b2-48f9-7e6c-768cf3f2d7fc', 'page-unlocked-15f2f71e-22b2-48f9-7e6c-768cf3f2d7fc', 'adv-4d7b4ab2-c272-4daf-2540-5094b77a6474', 'adv-e414f302-d6f9-4024-25d7-4a26db572115']",adv-fc627aaa-0290-45dd-5317-e9cb6458a963,stay put,50.7204059,-1.8748728
46,0abfa6e7-be7d-4efa-3e66-e604d84d2359,"<a style=""background-color: #80ac7b; color: #f7f7f7; padding: 4px; border-radius: 4px;font-size: 40px;"" href=""https://cemp.ac.uk/projects/Shelleys_heart/mary/6b/index.html"" target=""_blank"">Start Scene</a>",6B. Meet Mary Wollstonecraft,next,"['page-read-0abfa6e7-be7d-4efa-3e66-e604d84d2359', 'chapter-chain-function-a6686bb9-78cc-4a32-2549-3a9cd0929359']","['page-chapters-0abfa6e7-be7d-4efa-3e66-e604d84d2359', 'page-unlocked-0abfa6e7-be7d-4efa-3e66-e604d84d2359', 'adv-4d7b4ab2-c272-4daf-2540-5094b77a6474', 'adv-e414f302-d6f9-4024-25d7-4a26db572115']",adv-fc627aaa-0290-45dd-5317-e9cb6458a963,stay put,50.7204059,-1.8748728
47,a87605ba-4ad9-42e3-e14f-c3126d506fde,"<a style=""background-color: #80ac7b; color: #f7f7f7; padding: 4px; border-radius: 4px;font-size: 40px;"" href=""https://cemp.ac.uk/projects/Shelleys_heart/mary/7/index.html"" target=""_blank"">Start Scene</a>",7. Tell The Truth,next,"['page-read-a87605ba-4ad9-42e3-e14f-c3126d506fde', 'chapter-chain-function-a95331f6-412b-4365-814a-f7900cbc7b7c']","['page-chapters-a87605ba-4ad9-42e3-e14f-c3126d506fde', 'page-unlocked-a87605ba-4ad9-42e3-e14f-c3126d506fde', 'adv-4d7b4ab2-c272-4daf-2540-5094b77a6474', 'adv-e93c2c65-3233-4446-cb8b-fd816800c5b3']",adv-5341545a-0917-4cca-a2da-560793591123,back down path,50.7204237,-1.8751131
48,7040ae0a-6593-496c-d19d-de052fe22967,"<a style=""background-color: #80ac7b; color: #f7f7f7; padding: 4px; border-radius: 4px;font-size: 40px;"" href=""https://cemp.ac.uk/projects/Shelleys_heart/mary/8/index.html"" target=""_blank"">Start Scene</a>",8. Find Book,next,"['page-read-7040ae0a-6593-496c-d19d-de052fe22967', 'chapter-chain-function-6f3fe557-355e-4fe5-809c-51b893c86326']","['page-chapters-7040ae0a-6593-496c-d19d-de052fe22967', 'page-unlocked-7040ae0a-6593-496c-d19d-de052fe22967', 'adv-4d7b4ab2-c272-4daf-2540-5094b77a6474', 'adv-386907d8-a7ae-40dc-6723-4b7a5f95a3bb']",adv-fcbbc1e6-0476-4c75-d6e9-37bd67c39edf,front of churchyard,50.7204156,-1.8752579
49,9499c2ab-59c4-43ed-52c2-dc1b8cb80474,"<a style=""background-color: #80ac7b; color: #f7f7f7; padding: 4px; border-radius: 4px;font-size: 40px;"" href=""https://cemp.ac.uk/projects/Shelleys_heart/mary/8a/index.html"" target=""_blank"">Start Scene</a>",8A. Attack,next,"['page-read-9499c2ab-59c4-43ed-52c2-dc1b8cb80474', 'chapter-chain-function-5da2f79f-c834-4923-dafb-16b5ce760491']","['page-chapters-9499c2ab-59c4-43ed-52c2-dc1b8cb80474', 'page-unlocked-9499c2ab-59c4-43ed-52c2-dc1b8cb80474', 'adv-4d7b4ab2-c272-4daf-2540-5094b77a6474', 'adv-386907d8-a7ae-40dc-6723-4b7a5f95a3bb']",adv-fcbbc1e6-0476-4c75-d6e9-37bd67c39edf,stay put,50.7204156,-1.8752579
50,ff5e1bc5-9c28-4936-71c7-dd8f41363f76,"<a style=""background-color: #80ac7b; color: #f7f7f7; padding: 4px; border-radius: 4px;font-size: 40px;"" href=""https://cemp.ac.uk/projects/Shelleys_heart/mary/8b/index.html"" target=""_blank"">Start Scene</a>",8B. Ambush,next,"['page-read-ff5e1bc5-9c28-4936-71c7-dd8f41363f76', 'chapter-chain-function-5da2f79f-c834-4923-dafb-16b5ce760491']","['page-chapters-ff5e1bc5-9c28-4936-71c7-dd8f41363f76', 'page-unlocked-ff5e1bc5-9c28-4936-71c7-dd8f41363f76', 'adv-4d7b4ab2-c272-4daf-2540-5094b77a6474', 'adv-386907d8-a7ae-40dc-6723-4b7a5f95a3bb']",adv-fcbbc1e6-0476-4c75-d6e9-37bd67c39edf,stay put,50.7204156,-1.8752579
51,1a1010f4-0711-46f8-2731-fcadf4579ec5,"<a style=""background-color: #80ac7b; color: #f7f7f7; padding: 4px; border-radius: 4px;font-size: 40px;"" href=""https://cemp.ac.uk/projects/Shelleys_heart/mary/9/index.html"" target=""_blank"">Start Scene</a>",9. Collapse,next,"['page-read-1a1010f4-0711-46f8-2731-fcadf4579ec5', 'chapter-chain-function-49990ce2-70a7-4be4-d910-6ebf41a53577']","['page-chapters-1a1010f4-0711-46f8-2731-fcadf4579ec5', 'page-unlocked-1a1010f4-0711-46f8-2731-fcadf4579ec5', 'adv-4d7b4ab2-c272-4daf-2540-5094b77a6474', 'adv-8272116d-0924-4d1f-a0d8-24afd48d561f']",adv-82d3c798-2f49-4127-a507-1890de69dde7,front of church,50.720404,-1.8759634
52,02ba1ccc-23f1-45dd-ba65-12c5505d564e,"<a style=""background-color: #80ac7b; color: #f7f7f7; padding: 4px; border-radius: 4px;font-size: 40px;"" href=""https://cemp.ac.uk/projects/Shelleys_heart/mary/9a/index.html"" target=""_blank"">Start Scene</a>",9A. Kill,next,"['page-read-02ba1ccc-23f1-45dd-ba65-12c5505d564e', 'chapter-chain-function-c1a6eb3c-5906-4635-5c09-b21d3f4a5807']","['page-chapters-02ba1ccc-23f1-45dd-ba65-12c5505d564e', 'page-unlocked-02ba1ccc-23f1-45dd-ba65-12c5505d564e', 'adv-4d7b4ab2-c272-4daf-2540-5094b77a6474', 'adv-8272116d-0924-4d1f-a0d8-24afd48d561f']",adv-82d3c798-2f49-4127-a507-1890de69dde7,stay put,50.720404,-1.8759634
53,58e3e768-f3f8-40d2-0f53-066a39568ef8,"<a style=""background-color: #80ac7b; color: #f7f7f7; padding: 4px; border-radius: 4px;font-size: 40px;"" href=""https://cemp.ac.uk/projects/Shelleys_heart/mary/9b/index.html"" target=""_blank"">Start Scene</a>",9B. Die,next,"['page-read-58e3e768-f3f8-40d2-0f53-066a39568ef8', 'chapter-chain-function-c1a6eb3c-5906-4635-5c09-b21d3f4a5807']","['page-chapters-58e3e768-f3f8-40d2-0f53-066a39568ef8', 'page-unlocked-58e3e768-f3f8-40d2-0f53-066a39568ef8', 'adv-4d7b4ab2-c272-4daf-2540-5094b77a6474', 'adv-8272116d-0924-4d1f-a0d8-24afd48d561f']",adv-82d3c798-2f49-4127-a507-1890de69dde7,stay put,50.720404,-1.8759634
54,c56a29d1-0564-403b-8a82-0697a3d40080,"<a style=""background-color: #80ac7b; color: #f7f7f7; padding: 4px; border-radius: 4px;font-size: 40px;"" href=""https://cemp.ac.uk/projects/Shelleys_heart/mary/10/index.html"" target=""_blank"">Start Scene</a>",10. Recover,next,"['page-read-c56a29d1-0564-403b-8a82-0697a3d40080', 'chapter-chain-function-031e66b6-f741-4513-adb2-eeb332e20949']","['page-chapters-c56a29d1-0564-403b-8a82-0697a3d40080', 'page-unlocked-c56a29d1-0564-403b-8a82-0697a3d40080', 'adv-4d7b4ab2-c272-4daf-2540-5094b77a6474', 'adv-1da7fc42-aefe-4ca6-d5c4-167f774e74e7']",adv-409da644-b9a0-4d2b-71e2-b0cecdeb1f64,"midpoint, edge of grass",50.7202658,-1.8756928
55,1ed5a659-7032-41cf-03e9-82effaf98552,"<a style=""background-color: #80ac7b; color: #f7f7f7; padding: 4px; border-radius: 4px;font-size: 40px;"" href=""https://cemp.ac.uk/projects/Shelleys_heart/john/1/index.html"" target=""_blank"">Start Scene</a>",1. John Start,next,"['page-read-1ed5a659-7032-41cf-03e9-82effaf98552', 'chapter-chain-function-f9ebf718-87aa-4e4f-6df8-81321fbf16f5', 'adv-508d02ea-247c-4cdc-fb7f-9475674ab973']","['page-chapters-1ed5a659-7032-41cf-03e9-82effaf98552', 'page-unlocked-1ed5a659-7032-41cf-03e9-82effaf98552', 'adv-31474fd1-03e2-431d-a09d-1a91c14a9015']",adv-ee6af4f0-e047-4256-0c85-fafdf90a06a8,locate covered entrance,50.7201856,-1.8757484
56,9a2c0781-eda8-4336-b4c2-96862f9d0e19,"<a style=""background-color: #80ac7b; color: #f7f7f7; padding: 4px; border-radius: 4px;font-size: 40px;"" href=""https://cemp.ac.uk/projects/Shelleys_heart/john/2/index.html"" target=""_blank"">Start Scene</a>",2. Imagine Fanny,next,"['page-read-9a2c0781-eda8-4336-b4c2-96862f9d0e19', 'chapter-chain-function-49855b8b-5d8f-4597-57fe-140ffb76fa49']","['page-chapters-9a2c0781-eda8-4336-b4c2-96862f9d0e19', 'page-unlocked-9a2c0781-eda8-4336-b4c2-96862f9d0e19', 'adv-95408e97-50a5-4eb1-6d65-c75cf42e349b', 'adv-a7fc8450-fffc-48f7-f1bb-5a7478064a0f']",adv-8de2dbb4-9428-4c8e-a961-113ca54298f9,move north,50.7202737,-1.8757976
57,03d8f614-5867-4960-592b-7c50cd351f77,"<a style=""background-color: #80ac7b; color: #f7f7f7; padding: 4px; border-radius: 4px;font-size: 40px;"" href=""https://cemp.ac.uk/projects/Shelleys_heart/john/3a/index.html"" target=""_blank"">Start Scene</a>",3A. Follow Mary,next,"['page-read-03d8f614-5867-4960-592b-7c50cd351f77', 'chapter-chain-function-dca1bd6f-1fb0-4889-5ded-6d84b63c6148', 'adv-02f76a31-ef26-4c14-5c4a-2d0dfa095263']","['page-chapters-03d8f614-5867-4960-592b-7c50cd351f77', 'page-unlocked-03d8f614-5867-4960-592b-7c50cd351f77', 'adv-95408e97-50a5-4eb1-6d65-c75cf42e349b', 'adv-cc65f9b9-b51d-4ac8-a85f-a88c2314f241']",adv-7698ebd4-aa21-45ae-7e97-a4e6d68c20b0,move south,50.7200843,-1.8756065
58,95d1dd93-f1c1-41de-943c-de1409aff580,"<a style=""background-color: #80ac7b; color: #f7f7f7; padding: 4px; border-radius: 4px;font-size: 40px;"" href=""https://cemp.ac.uk/projects/Shelleys_heart/john/3b/index.html"" target=""_blank"">Start Scene</a>",3B. Follow Percy,next,"['page-read-95d1dd93-f1c1-41de-943c-de1409aff580', 'chapter-chain-function-dca1bd6f-1fb0-4889-5ded-6d84b63c6148', 'adv-e641a11c-053a-40d8-2b56-e2c2c276836a']","['page-chapters-95d1dd93-f1c1-41de-943c-de1409aff580', 'page-unlocked-95d1dd93-f1c1-41de-943c-de1409aff580', 'adv-95408e97-50a5-4eb1-6d65-c75cf42e349b', 'adv-d8643045-cded-43e5-063c-d6ed5ea2e43b']",adv-080f5309-bda1-435b-c5d9-d76081a795e5,find side entrance to church,50.7203175,-1.8756174
59,3c448b17-5737-417a-48ae-e88b7945103f,"<a style=""background-color: #80ac7b; color: #f7f7f7; padding: 4px; border-radius: 4px;font-size: 40px;"" href=""https://cemp.ac.uk/projects/Shelleys_heart/john/3c/index.html"" target=""_blank"">Start Scene</a>",3C. Follow Byron,next,"['page-read-3c448b17-5737-417a-48ae-e88b7945103f', 'chapter-chain-function-dca1bd6f-1fb0-4889-5ded-6d84b63c6148', 'adv-fbf991d0-fbab-47e4-6a87-bf9068630aef']","['page-chapters-3c448b17-5737-417a-48ae-e88b7945103f', 'page-unlocked-3c448b17-5737-417a-48ae-e88b7945103f', 'adv-95408e97-50a5-4eb1-6d65-c75cf42e349b', 'adv-f9fe96ea-f573-469a-0f67-6353a841478f']",adv-544025bc-2a18-4a47-6a8d-db59c58b298d,head up path,50.7204287,-1.8749727
60,0495f7ae-f008-43cd-9369-79f39d84c8ec,"<a style=""background-color: #80ac7b; color: #f7f7f7; padding: 4px; border-radius: 4px;font-size: 40px;"" href=""https://cemp.ac.uk/projects/Shelleys_heart/john/4/index.html"" target=""_blank"">Start Scene</a>",4. Look Out!,next,"['page-read-0495f7ae-f008-43cd-9369-79f39d84c8ec', 'chapter-chain-function-68d4535d-3636-4c13-93a8-5b722ea49139']","['page-chapters-0495f7ae-f008-43cd-9369-79f39d84c8ec', 'page-unlocked-0495f7ae-f008-43cd-9369-79f39d84c8ec', 'adv-95408e97-50a5-4eb1-6d65-c75cf42e349b', 'adv-a13043d1-ade7-43bb-ebb6-d002a6f926a7']",adv-c1513844-f984-4b5f-e361-5ea05f96b1de,far up path,50.7205774,-1.874086
61,3fd76aaa-1e0b-4335-2559-7349ba4d28d2,"<a style=""background-color: #80ac7b; color: #f7f7f7; padding: 4px; border-radius: 4px;font-size: 40px;"" href=""https://cemp.ac.uk/projects/Shelleys_heart/john/4a/index.html"" target=""_blank"">Start Scene</a>",4A. Clash,next,"['page-read-3fd76aaa-1e0b-4335-2559-7349ba4d28d2', 'chapter-chain-function-93097b15-4692-4c09-9fe8-49822ff9d20d']","['page-chapters-3fd76aaa-1e0b-4335-2559-7349ba4d28d2', 'page-unlocked-3fd76aaa-1e0b-4335-2559-7349ba4d28d2', 'adv-95408e97-50a5-4eb1-6d65-c75cf42e349b', 'adv-5be856dc-e7fc-41b4-0daf-e548acc06b9a', 'adv-a13043d1-ade7-43bb-ebb6-d002a6f926a7']",adv-c1513844-f984-4b5f-e361-5ea05f96b1de,stay put,50.7205774,-1.874086
62,4ffcae8a-dff6-4f39-c207-60a60c42dc06,"<a style=""background-color: #80ac7b; color: #f7f7f7; padding: 4px; border-radius: 4px;font-size: 40px;"" href=""https://cemp.ac.uk/projects/Shelleys_heart/john/4b/index.html"" target=""_blank"">Start Scene</a>",4B. Connect,next,"['page-read-4ffcae8a-dff6-4f39-c207-60a60c42dc06', 'chapter-chain-function-93097b15-4692-4c09-9fe8-49822ff9d20d']","['page-chapters-4ffcae8a-dff6-4f39-c207-60a60c42dc06', 'page-unlocked-4ffcae8a-dff6-4f39-c207-60a60c42dc06', 'adv-95408e97-50a5-4eb1-6d65-c75cf42e349b', 'adv-e0595a65-7f1c-4ae2-0f6e-9cd820480c1a', 'adv-a13043d1-ade7-43bb-ebb6-d002a6f926a7']",adv-c1513844-f984-4b5f-e361-5ea05f96b1de,stay put,50.7205774,-1.874086
63,0a6be1f0-ee3b-40c4-fb16-edfd9924aec7,"<a style=""background-color: #80ac7b; color: #f7f7f7; padding: 4px; border-radius: 4px;font-size: 40px;"" href=""https://cemp.ac.uk/projects/Shelleys_heart/john/5/index.html"" target=""_blank"">Start Scene</a>",5. Find It,next,"['page-read-0a6be1f0-ee3b-40c4-fb16-edfd9924aec7', 'chapter-chain-function-997d6183-000a-480e-6907-977645bbee22']","['page-chapters-0a6be1f0-ee3b-40c4-fb16-edfd9924aec7', 'page-unlocked-0a6be1f0-ee3b-40c4-fb16-edfd9924aec7', 'adv-95408e97-50a5-4eb1-6d65-c75cf42e349b', 'adv-7754e572-3bb8-49a6-98d5-2c4d59f06a3b']",adv-5cb6daa9-c2ea-4bd7-35d0-dccf16b10b88,down path,50.720327,-1.8750706
64,b144a79b-a428-4d19-4853-6d4edbd888b9,"<a style=""background-color: #80ac7b; color: #f7f7f7; padding: 4px; border-radius: 4px;font-size: 40px;"" href=""https://cemp.ac.uk/projects/Shelleys_heart/john/6/index.html"" target=""_blank"">Start Scene</a>",6. Meet The Monster,next,"['page-read-b144a79b-a428-4d19-4853-6d4edbd888b9', 'chapter-chain-function-b430adf5-9b33-4d43-db33-2dcbe5053dbd']","['page-chapters-b144a79b-a428-4d19-4853-6d4edbd888b9', 'page-unlocked-b144a79b-a428-4d19-4853-6d4edbd888b9', 'adv-95408e97-50a5-4eb1-6d65-c75cf42e349b', 'adv-8f0e48a6-4cd1-44cd-e255-c6873ac9d13a']",adv-17ee18cc-945a-4883-50e0-f07029a6eb59,to one side,50.7204054,-1.8749399
65,0959187e-6527-4333-496d-087ec36e3c8c,"<a style=""background-color: #80ac7b; color: #f7f7f7; padding: 4px; border-radius: 4px;font-size: 40px;"" href=""https://cemp.ac.uk/projects/Shelleys_heart/john/6a/index.html"" target=""_blank"">Start Scene</a>",6A. Distract,next,"['page-read-0959187e-6527-4333-496d-087ec36e3c8c', 'chapter-chain-function-a6686bb9-78cc-4a32-2549-3a9cd0929359']","['page-chapters-0959187e-6527-4333-496d-087ec36e3c8c', 'page-unlocked-0959187e-6527-4333-496d-087ec36e3c8c', 'adv-95408e97-50a5-4eb1-6d65-c75cf42e349b', 'adv-8f0e48a6-4cd1-44cd-e255-c6873ac9d13a']",adv-17ee18cc-945a-4883-50e0-f07029a6eb59,stay put,50.7204054,-1.8749399
66,60c5fe61-5838-4c84-42bf-5c41e620d040,"<a style=""background-color: #80ac7b; color: #f7f7f7; padding: 4px; border-radius: 4px;font-size: 40px;"" href=""https://cemp.ac.uk/projects/Shelleys_heart/john/6b/index.html"" target=""_blank"">Start Scene</a>",6B. Attack,next,"['page-read-60c5fe61-5838-4c84-42bf-5c41e620d040', 'chapter-chain-function-a6686bb9-78cc-4a32-2549-3a9cd0929359']","['page-chapters-60c5fe61-5838-4c84-42bf-5c41e620d040', 'page-unlocked-60c5fe61-5838-4c84-42bf-5c41e620d040', 'adv-95408e97-50a5-4eb1-6d65-c75cf42e349b', 'adv-8f0e48a6-4cd1-44cd-e255-c6873ac9d13a']",adv-17ee18cc-945a-4883-50e0-f07029a6eb59,stay put,50.7204054,-1.8749399
67,0568c4c1-d76b-4cdf-f4da-92148495de23,"<a style=""background-color: #80ac7b; color: #f7f7f7; padding: 4px; border-radius: 4px;font-size: 40px;"" href=""https://cemp.ac.uk/projects/Shelleys_heart/john/7/index.html"" target=""_blank"">Start Scene</a>",7. Freeze,next,"['page-read-0568c4c1-d76b-4cdf-f4da-92148495de23', 'chapter-chain-function-2acde72b-c6ad-41b2-24d7-5df8080bf072']","['page-chapters-0568c4c1-d76b-4cdf-f4da-92148495de23', 'page-unlocked-0568c4c1-d76b-4cdf-f4da-92148495de23', 'adv-95408e97-50a5-4eb1-6d65-c75cf42e349b', 'adv-304b4258-d39a-4863-84c3-c24aa1d52df2']",adv-08758b24-6d33-4503-67a6-be3ea211f00c,move back,50.7203655,-1.8748388
68,87e95fd5-c42a-4e47-4ef8-03bafc949f8d,"<a style=""background-color: #80ac7b; color: #f7f7f7; padding: 4px; border-radius: 4px;font-size: 40px;"" href=""https://cemp.ac.uk/projects/Shelleys_heart/john/7a/index.html"" target=""_blank"">Start Scene</a>",7A. Kiss,next,"['page-read-87e95fd5-c42a-4e47-4ef8-03bafc949f8d', 'chapter-chain-function-a95331f6-412b-4365-814a-f7900cbc7b7c']","['page-chapters-87e95fd5-c42a-4e47-4ef8-03bafc949f8d', 'page-unlocked-87e95fd5-c42a-4e47-4ef8-03bafc949f8d', 'adv-95408e97-50a5-4eb1-6d65-c75cf42e349b', 'adv-304b4258-d39a-4863-84c3-c24aa1d52df2']",adv-08758b24-6d33-4503-67a6-be3ea211f00c,stay put,50.7203655,-1.8748388
69,1f0e3207-459a-4a51-88a6-20428d9b375d,"<a style=""background-color: #80ac7b; color: #f7f7f7; padding: 4px; border-radius: 4px;font-size: 40px;"" href=""https://cemp.ac.uk/projects/Shelleys_heart/john/7b/index.html"" target=""_blank"">Start Scene</a>",7B. Resist,next,"['page-read-1f0e3207-459a-4a51-88a6-20428d9b375d', 'chapter-chain-function-a95331f6-412b-4365-814a-f7900cbc7b7c']","['page-chapters-1f0e3207-459a-4a51-88a6-20428d9b375d', 'page-unlocked-1f0e3207-459a-4a51-88a6-20428d9b375d', 'adv-95408e97-50a5-4eb1-6d65-c75cf42e349b', 'adv-304b4258-d39a-4863-84c3-c24aa1d52df2']",adv-08758b24-6d33-4503-67a6-be3ea211f00c,stay put,50.7203655,-1.8748388
70,d05c6996-530e-40c8-7442-3abb7a147038,"<a style=""background-color: #80ac7b; color: #f7f7f7; padding: 4px; border-radius: 4px;font-size: 40px;"" href=""https://cemp.ac.uk/projects/Shelleys_heart/john/8/index.html"" target=""_blank"">Start Scene</a>",8. Make Love,next,"['page-read-d05c6996-530e-40c8-7442-3abb7a147038', 'chapter-chain-function-49990ce2-70a7-4be4-d910-6ebf41a53577']","['page-chapters-d05c6996-530e-40c8-7442-3abb7a147038', 'page-unlocked-d05c6996-530e-40c8-7442-3abb7a147038', 'adv-95408e97-50a5-4eb1-6d65-c75cf42e349b', 'adv-9ebc8217-49ee-4989-0f26-6436b0c57008']",adv-517648e5-6d40-4e50-8a71-0ed1a22b901d,south side of church,50.7202627,-1.8757817
71,42d08ff5-1728-4bf1-617e-cf2fc4eedb30,"<a style=""background-color: #80ac7b; color: #f7f7f7; padding: 4px; border-radius: 4px;font-size: 40px;"" href=""https://cemp.ac.uk/projects/Shelleys_heart/john/9a/index.html"" target=""_blank"">Start Scene</a>",9A Propose,next,"['page-read-42d08ff5-1728-4bf1-617e-cf2fc4eedb30', 'chapter-chain-function-c1a6eb3c-5906-4635-5c09-b21d3f4a5807']","['page-chapters-42d08ff5-1728-4bf1-617e-cf2fc4eedb30', 'page-unlocked-42d08ff5-1728-4bf1-617e-cf2fc4eedb30', 'adv-95408e97-50a5-4eb1-6d65-c75cf42e349b', 'adv-3e24fffd-22f7-413c-1a2e-3d9fba6afece']",adv-52761598-0959-4b0a-f9ef-86ff82104960,far south side of churchyard,50.7200626,-1.8754617
72,81c5c751-857b-488a-d88f-fda3d4413bfe,"<a style=""background-color: #80ac7b; color: #f7f7f7; padding: 4px; border-radius: 4px;font-size: 40px;"" href=""https://cemp.ac.uk/projects/Shelleys_heart/john/9b/index.html"" target=""_blank"">Start Scene</a>",9B Expose,next,"['page-read-81c5c751-857b-488a-d88f-fda3d4413bfe', 'chapter-chain-function-c1a6eb3c-5906-4635-5c09-b21d3f4a5807']","['page-chapters-81c5c751-857b-488a-d88f-fda3d4413bfe', 'page-unlocked-81c5c751-857b-488a-d88f-fda3d4413bfe', 'adv-95408e97-50a5-4eb1-6d65-c75cf42e349b', 'adv-613c918b-b901-4698-383d-6db79edff308']",adv-06469e92-5c62-4671-73fa-41590d4086ce,far southwest corner of churchyard,50.7203499,-1.8758097
73,1e4f4680-20d8-4df4-1828-00550dec362e,"<a style=""background-color: #80ac7b; color: #f7f7f7; padding: 4px; border-radius: 4px;font-size: 40px;"" href=""https://cemp.ac.uk/projects/Shelleys_heart/john/10/index.html"" target=""_blank"">Start Scene</a>",10. Depart,next,"['page-read-1e4f4680-20d8-4df4-1828-00550dec362e', 'chapter-chain-function-031e66b6-f741-4513-adb2-eeb332e20949']","['page-chapters-1e4f4680-20d8-4df4-1828-00550dec362e', 'page-unlocked-1e4f4680-20d8-4df4-1828-00550dec362e', 'adv-95408e97-50a5-4eb1-6d65-c75cf42e349b', 'adv-0463f898-dd01-47ad-6713-961c494a706e']",adv-4add3116-63fa-47e3-e494-29939c3266e2,centre of churchyard,50.7202899,-1.8755649
74,bbc0da17-194b-473a-b865-c9efb8ae94f6,"<p>Special thanks to St. Peter's Church for hosting the story world of Shelley's Heart, and thank you for exploring it! </p>
",Thank You,next,"['page-read-bbc0da17-194b-473a-b865-c9efb8ae94f6', 'chapter-chain-function-f26bde04-5aa3-4706-835f-785f7a431699']","['page-chapters-bbc0da17-194b-473a-b865-c9efb8ae94f6', 'page-unlocked-bbc0da17-194b-473a-b865-c9efb8ae94f6', 'adv-95408e97-50a5-4eb1-6d65-c75cf42e349b']",,,,
75,981468a4-d38f-4fd3-4b4c-dbb03637ef32,"<p>Special thanks to St. Peter's Church for hosting the story world of Shelley's Heart, and thank you for exploring it! </p>
",Thank You,next,"['page-read-981468a4-d38f-4fd3-4b4c-dbb03637ef32', 'chapter-chain-function-f26bde04-5aa3-4706-835f-785f7a431699']","['page-chapters-981468a4-d38f-4fd3-4b4c-dbb03637ef32', 'page-unlocked-981468a4-d38f-4fd3-4b4c-dbb03637ef32', 'adv-ed1b177a-05fd-4cfb-149a-50d3a483c77e']",,,,
76,3bfc772a-2257-4244-3e75-51c181bee1a9,"<p>Special thanks to St. Peter's Church for hosting the story world of Shelley's Heart, and thank you for exploring it!</p>
",Thank You,next,"['page-read-3bfc772a-2257-4244-3e75-51c181bee1a9', 'chapter-chain-function-f26bde04-5aa3-4706-835f-785f7a431699']","['page-chapters-3bfc772a-2257-4244-3e75-51c181bee1a9', 'page-unlocked-3bfc772a-2257-4244-3e75-51c181bee1a9', 'adv-bed1c996-e8d0-48d9-ccb1-c8293f4f7331']",,,,
77,dafd6c3f-9bed-4879-d90b-20001528504b,"<p>Special thanks to St. Peter's Church for hosting the story world of Shelley's Heart, and thank you for exploring it!</p>
",Thank You,next,"['page-read-dafd6c3f-9bed-4879-d90b-20001528504b', 'chapter-chain-function-f26bde04-5aa3-4706-835f-785f7a431699']","['page-chapters-dafd6c3f-9bed-4879-d90b-20001528504b', 'page-unlocked-dafd6c3f-9bed-4879-d90b-20001528504b', 'adv-4d7b4ab2-c272-4daf-2540-5094b77a6474']",,,,
78,47480a57-3aee-4176-c171-7a02b2572a57,"<p>Thank you for your time, we hope you enjoyed Shelley's Heart.</p>
",Exit Story,end,['page-read-47480a57-3aee-4176-c171-7a02b2572a57'],"['page-not-read-47480a57-3aee-4176-c171-7a02b2572a57', 'page-unlocked-47480a57-3aee-4176-c171-7a02b2572a57']",,,,
